{
    "anchorpoints": [],
    "portpins": [
        {
            "name": "1",
            "position": [
                -0.1,
                0.0,
                0.0
            ],
            "rotation": [
                0.0,
                -6.123233995736765e-17,
                1.0,
                0.0,
                1.0,
                6.123233995736765e-17,
                -1.0,
                0.0,
                0.0
            ]
        }
    ],
    "version": 7
}