{
    "anchorpoints": [],
    "portpins": [
        {
            "name": "1",
            "position": [
                -1.0,
                0.0,
                0.0
            ],
            "rotation": [
                0.0,
                -2.449293598294706e-16,
                1.0,
                0.0,
                1.0,
                2.449293598294706e-16,
                -1.0,
                0.0,
                0.0
            ]
        }
    ],
    "version": 7
}